{
"users": [
	{
		"id" : 1,
		"password" : "$scrypt$n=16384,r=8,p=1$Y\/zGDGJEoKsICPn3SDaRGQ$SEYNylcYDJ7BBpeSTgd6yCY9TZmcQla\/QBdEbRFxztRZh0qnv6PB441Luu7Papk1Ovm6vLB5SEui4NMQBjxYQg",
		"remember_me_token" : "GFs0k_WN1oEpE6J5yKx5",
		"username" : "krthr",
		"created_at" : "2023-05-17T21:46:41.574Z",
		"updated_at" : "2023-05-17T21:46:41.694Z",
		"is_admin" : false
	},
	{
		"id" : 3,
		"password" : "$scrypt$n=16384,r=8,p=1$bPvm6ZOzBn9FzqzJEgwbxQ$kI7Kp1o1uRnzBYqTgiSeibLUJI5tq9\/3DW10R1cjtZTjpGrgsm3tTUkzLQb2wC41hmris7Vk\/O2Ql612fmpNyQ",
		"remember_me_token" : "8Z8arvBexTkO0Sp2EVpM",
		"username" : "Joe",
		"created_at" : "2023-05-26T19:30:52.233Z",
		"updated_at" : "2023-05-26T19:30:52.269Z",
		"is_admin" : false
	},
	{
		"id" : 4,
		"password" : "$scrypt$n=16384,r=8,p=1$S0My9QvhBjg4ujeWjXKoNA$IDDmwExe1eXBWC7uNDFnIGyCc5nopTezBI6bK2Kp46Ks2xgo+90bn4LifduhhOmspuHM+1OMGTAT8g2mqwgGdg",
		"remember_me_token" : "9gIfgnghC07zn6CgjOMd",
		"username" : "vidarrdod",
		"created_at" : "2023-06-01T22:07:16.472Z",
		"updated_at" : "2023-06-01T22:07:16.505Z",
		"is_admin" : false
	},
	{
		"id" : 2,
		"password" : "$scrypt$n=16384,r=8,p=1$3Vl0LknRglmLuQZsegkolA$2cNwOErBswkupXmoB6FcsfMKx6kDZ5FBaBLk3S4ztFt1LzHf8mmuLWq9hu+qP6I8F37ecZkOn\/xFjXHZpLhhTw",
		"remember_me_token" : "2VwAYMoDeOp9KwLLzfx3",
		"username" : "wil",
		"created_at" : "2023-05-17T21:47:02.108Z",
		"updated_at" : "2023-05-17T21:47:02.258Z",
		"is_admin" : true
	},
	{
		"id" : 5,
		"password" : "$scrypt$n=16384,r=8,p=1$Xj+WuKSYDcw0a4TVZ0Wv+g$gnTq4YcCQwZ25xLfddPIwS450SpxxM44XD8WjoRZ5K6R\/bmzMp1umNIWwsHg2OBox\/pw8zLnDqRVFdaJumdu9w",
		"remember_me_token" : "5dPHxNaJ5MDcM9bZ5IfV",
		"username" : "Mfsaenz",
		"created_at" : "2023-06-26T16:13:32.662Z",
		"updated_at" : "2023-06-26T16:13:32.700Z",
		"is_admin" : false
	},
	{
		"id" : 6,
		"password" : "$scrypt$n=16384,r=8,p=1$iBM9zLOMURd+TpT2iUB9FQ$IhdhGA9dNQtDNIOkwk4H47cX8owctzM5qSBI6bBebHIaq1y448\/Pa6XNv9Nag4393upl0UayXT7YesaZiG8JMw",
		"remember_me_token" : "SdObj8sGl49YAWfYgsL_",
		"username" : "Issita",
		"created_at" : "2023-08-05T04:58:36.342Z",
		"updated_at" : "2023-08-05T04:58:36.385Z",
		"is_admin" : false
	},
	{
		"id" : 7,
		"password" : "$scrypt$n=16384,r=8,p=1$HoUYTyZlnrplOLC7s5c8Rg$+h669LeAfO24evqxqJtgjQIXXn1XPdzUo13r8pB42RmxcHbQWPJlYjNMtbGuZ8aqt61Amz26sXaJ2zOKml4GNg",
		"remember_me_token" : "D_d5nng_KRI8eXtWn8SX",
		"username" : "zonia",
		"created_at" : "2023-12-05T15:21:08.268Z",
		"updated_at" : "2023-12-05T15:21:08.309Z",
		"is_admin" : false
	},
	{
		"id" : 8,
		"password" : "$scrypt$n=16384,r=8,p=1$YhyYKOg5zBcJDA7RE9w9nA$lobHg8Np6gIGQKsFe90q6yLHoOxyv8EPzHFwkBnQ4+hh6v5DJh1Ei7moQsj4GDv51w47CHlDQwrz6mnKY4FbTg",
		"remember_me_token" : "XAnM2Xqfuarl9cHLFtrl",
		"username" : "mc24",
		"created_at" : "2023-12-18T17:22:43.282Z",
		"updated_at" : "2023-12-18T17:22:43.329Z",
		"is_admin" : false
	}
]}
